START_SEED_NO,7,END_SEED_NO,30,NO_OF_MCTS_CASES,0,CASE_STUDY_NO,10,MAX_OF_SUB_CASE_STUDY,1,DIFF_MCTS_SIM_CASES_EXP,false,PEDICTOR_NAME,RepTree-misobuyers.model,TOTAL_SIM_DAYS,1,HOURS_IN_A_DAY,1,TOTAL_HOUR_AHEAD_AUCTIONS,24,NUMBER_OF_BROKERS,4,NUMBER_OF_PRODUCERS,1,PERHOURENERGYDEMAND,1.0,VARMCTSAGENTITERATION,10000,MCTSBROKERDEMANDPERC,0.25,USEDPPREDICTOR,false,THRESHOLDFILTER,false
Seed, CaseStudy, MCTSimulations, Auctions,HourAhead,ZI,Vol_Buy,Tot_Buy,UnitBuy,Vol_Sell,Tot_Sell,UnitSell,Penalty,Profit,Net,Percentage,TacTex,Vol_Buy,Tot_Buy,UnitBuy,Vol_Sell,Tot_Sell,UnitSell,Penalty,Profit,Net,Percentage,MCTSX,Vol_Buy,Tot_Buy,UnitBuy,Vol_Sell,Tot_Sell,UnitSell,Penalty,Profit,Net,Percentage,ZIP,Vol_Buy,Tot_Buy,UnitBuy,Vol_Sell,Tot_Sell,UnitSell,Penalty,Profit,Net,Percentage,
7,1,100,	1,24,ZI,14.81,-493.97,-33.35,0.00,0.00,0.00,-0.00,-493.97,-493.97,100.00,TacTex,14.81,-584.85,-39.49,0.00,0.00,0.00,-0.20,-584.85,-585.05,100.00,MCTSX,14.81,-493.59,-33.33,0.00,0.00,0.00,-0.00,-493.59,-493.59,100.00,ZIP,14.81,-583.66,-39.41,0.00,0.00,0.00,-0.00,-583.66,-583.66,100.00,
8,1,100,	1,24,ZI,14.81,-459.54,-31.03,0.00,0.00,0.00,-0.00,-459.54,-459.54,100.00,TacTex,14.81,-453.79,-30.64,0.00,0.00,0.00,-0.50,-453.79,-454.29,100.00,MCTSX,14.81,-377.25,-25.48,0.00,0.00,0.00,-0.00,-377.25,-377.25,100.00,ZIP,14.81,-455.31,-30.75,0.00,0.00,0.00,-0.00,-455.31,-455.31,100.00,
9,1,100,	1,24,ZI,14.86,-398.44,-26.82,0.00,0.00,0.00,-0.00,-398.44,-398.44,100.00,TacTex,14.86,-371.56,-25.01,0.00,0.00,0.00,-0.63,-371.56,-372.19,100.01,MCTSX,14.86,-267.44,-18.00,0.00,0.00,0.00,-0.00,-267.44,-267.44,100.00,ZIP,14.86,-373.50,-25.14,0.00,0.00,0.00,-0.00,-373.50,-373.50,100.00,
10,1,100,	1,24,ZI,15.01,-465.98,-31.03,0.00,0.00,0.00,-0.00,-465.98,-465.98,100.00,TacTex,15.01,-445.40,-29.66,0.00,0.00,0.00,-0.14,-445.40,-445.54,100.00,MCTSX,15.02,-319.64,-21.29,0.00,0.00,0.00,-0.70,-319.64,-320.34,100.01,ZIP,15.01,-458.82,-30.56,0.00,0.00,0.00,-0.00,-458.82,-458.82,100.00,
11,1,100,	1,24,ZI,14.56,-439.49,-30.19,0.00,0.00,0.00,-0.00,-439.49,-439.49,100.00,TacTex,14.56,-388.73,-26.71,0.00,0.00,0.00,-0.70,-388.73,-389.43,100.01,MCTSX,14.56,-294.81,-20.25,0.00,0.00,0.00,-0.00,-294.81,-294.81,100.00,ZIP,14.56,-393.55,-27.04,0.00,0.00,0.00,-0.00,-393.55,-393.55,100.00,
START_SEED_NO,7,END_SEED_NO,30,NO_OF_MCTS_CASES,0,CASE_STUDY_NO,10,MAX_OF_SUB_CASE_STUDY,1,DIFF_MCTS_SIM_CASES_EXP,false,PEDICTOR_NAME,RepTree-misobuyers.model,TOTAL_SIM_DAYS,1,HOURS_IN_A_DAY,1,TOTAL_HOUR_AHEAD_AUCTIONS,1,NUMBER_OF_BROKERS,4,NUMBER_OF_PRODUCERS,1,PERHOURENERGYDEMAND,1.0,VARMCTSAGENTITERATION,10000,MCTSBROKERDEMANDPERC,0.25,USEDPPREDICTOR,false,THRESHOLDFILTER,false
Seed, CaseStudy, MCTSimulations, Auctions,HourAhead,ZI,Vol_Buy,Tot_Buy,UnitBuy,Vol_Sell,Tot_Sell,UnitSell,Penalty,Profit,Net,Percentage,TacTex,Vol_Buy,Tot_Buy,UnitBuy,Vol_Sell,Tot_Sell,UnitSell,Penalty,Profit,Net,Percentage,MCTSX,Vol_Buy,Tot_Buy,UnitBuy,Vol_Sell,Tot_Sell,UnitSell,Penalty,Profit,Net,Percentage,ZIP,Vol_Buy,Tot_Buy,UnitBuy,Vol_Sell,Tot_Sell,UnitSell,Penalty,Profit,Net,Percentage,
7,1,100,	1,1,ZI,0.00,-0.00,NaN,0.00,0.00,0.00,-10430.07,0.00,-10430.07,0.00,TacTex,0.00,-0.00,NaN,0.00,0.00,0.00,-10430.07,0.00,-10430.07,0.00,MCTSX,0.00,-0.00,NaN,0.00,0.00,0.00,-10430.07,0.00,-10430.07,0.00,ZIP,0.00,-0.00,NaN,0.00,0.00,0.00,-10430.07,0.00,-10430.07,0.00,
8,1,100,	1,1,ZI,0.00,-0.00,NaN,0.00,0.00,0.00,-10479.02,0.00,-10479.02,0.00,TacTex,0.00,-0.00,NaN,0.00,0.00,0.00,-10479.02,0.00,-10479.02,0.00,MCTSX,0.00,-0.00,NaN,0.00,0.00,0.00,-10479.02,0.00,-10479.02,0.00,ZIP,0.00,-0.00,NaN,0.00,0.00,0.00,-10479.02,0.00,-10479.02,0.00,
9,1,100,	1,1,ZI,0.00,-0.00,NaN,0.00,0.00,0.00,-10457.08,0.00,-10457.08,0.00,TacTex,0.00,-0.00,NaN,0.00,0.00,0.00,-10457.08,0.00,-10457.08,0.00,MCTSX,0.00,-0.00,NaN,0.00,0.00,0.00,-10457.08,0.00,-10457.08,0.00,ZIP,0.00,-0.00,NaN,0.00,0.00,0.00,-10457.08,0.00,-10457.08,0.00,
10,1,100,	1,1,ZI,0.00,-0.00,NaN,0.00,0.00,0.00,-10575.94,0.00,-10575.94,0.00,TacTex,0.00,-0.00,NaN,0.00,0.00,0.00,-10575.94,0.00,-10575.94,0.00,MCTSX,0.00,-0.00,NaN,0.00,0.00,0.00,-10575.94,0.00,-10575.94,0.00,ZIP,0.00,-0.00,NaN,0.00,0.00,0.00,-10575.94,0.00,-10575.94,0.00,
11,1,100,	1,1,ZI,0.00,-0.00,NaN,0.00,0.00,0.00,-10307.24,0.00,-10307.24,0.00,TacTex,0.00,-0.00,NaN,0.00,0.00,0.00,-10307.24,0.00,-10307.24,0.00,MCTSX,0.00,-0.00,NaN,0.00,0.00,0.00,-10307.24,0.00,-10307.24,0.00,ZIP,0.00,-0.00,NaN,0.00,0.00,0.00,-10307.24,0.00,-10307.24,0.00,
12,1,100,	1,1,ZI,0.00,-0.00,NaN,0.00,0.00,0.00,-10639.48,0.00,-10639.48,0.00,TacTex,0.00,-0.00,NaN,0.00,0.00,0.00,-10639.48,0.00,-10639.48,0.00,MCTSX,0.00,-0.00,NaN,0.00,0.00,0.00,-10639.48,0.00,-10639.48,0.00,ZIP,0.00,-0.00,NaN,0.00,0.00,0.00,-10639.48,0.00,-10639.48,0.00,
START_SEED_NO,7,END_SEED_NO,30,NO_OF_MCTS_CASES,0,CASE_STUDY_NO,10,MAX_OF_SUB_CASE_STUDY,1,DIFF_MCTS_SIM_CASES_EXP,false,PEDICTOR_NAME,RepTree-misobuyers.model,TOTAL_SIM_DAYS,1,HOURS_IN_A_DAY,1,TOTAL_HOUR_AHEAD_AUCTIONS,1,NUMBER_OF_BROKERS,4,NUMBER_OF_PRODUCERS,1,PERHOURENERGYDEMAND,1.0,VARMCTSAGENTITERATION,10000,MCTSBROKERDEMANDPERC,0.25,USEDPPREDICTOR,false,THRESHOLDFILTER,false
Seed, CaseStudy, MCTSimulations, Auctions,HourAhead,ZI,Vol_Buy,Tot_Buy,UnitBuy,Vol_Sell,Tot_Sell,UnitSell,Penalty,Profit,Net,Percentage,TacTex,Vol_Buy,Tot_Buy,UnitBuy,Vol_Sell,Tot_Sell,UnitSell,Penalty,Profit,Net,Percentage,MCTSX,Vol_Buy,Tot_Buy,UnitBuy,Vol_Sell,Tot_Sell,UnitSell,Penalty,Profit,Net,Percentage,ZIP,Vol_Buy,Tot_Buy,UnitBuy,Vol_Sell,Tot_Sell,UnitSell,Penalty,Profit,Net,Percentage,
7,1,100,	1,1,ZI,0.00,-0.00,NaN,0.00,0.00,0.00,-10430.07,0.00,-10430.07,0.00,TacTex,0.00,-0.00,NaN,0.00,0.00,0.00,-10430.07,0.00,-10430.07,0.00,MCTSX,0.00,-0.00,NaN,0.00,0.00,0.00,-10430.07,0.00,-10430.07,0.00,ZIP,0.00,-0.00,NaN,0.00,0.00,0.00,-10430.07,0.00,-10430.07,0.00,
8,1,100,	1,1,ZI,0.00,-0.00,NaN,0.00,0.00,0.00,-10479.02,0.00,-10479.02,0.00,TacTex,0.00,-0.00,NaN,0.00,0.00,0.00,-10479.02,0.00,-10479.02,0.00,MCTSX,0.00,-0.00,NaN,0.00,0.00,0.00,-10479.02,0.00,-10479.02,0.00,ZIP,0.00,-0.00,NaN,0.00,0.00,0.00,-10479.02,0.00,-10479.02,0.00,
9,1,100,	1,1,ZI,0.00,-0.00,NaN,0.00,0.00,0.00,-10457.08,0.00,-10457.08,0.00,TacTex,0.00,-0.00,NaN,0.00,0.00,0.00,-10457.08,0.00,-10457.08,0.00,MCTSX,0.00,-0.00,NaN,0.00,0.00,0.00,-10457.08,0.00,-10457.08,0.00,ZIP,0.00,-0.00,NaN,0.00,0.00,0.00,-10457.08,0.00,-10457.08,0.00,
10,1,100,	1,1,ZI,0.00,-0.00,NaN,0.00,0.00,0.00,-10575.94,0.00,-10575.94,0.00,TacTex,0.00,-0.00,NaN,0.00,0.00,0.00,-10575.94,0.00,-10575.94,0.00,MCTSX,0.00,-0.00,NaN,0.00,0.00,0.00,-10575.94,0.00,-10575.94,0.00,ZIP,0.00,-0.00,NaN,0.00,0.00,0.00,-10575.94,0.00,-10575.94,0.00,
11,1,100,	1,1,ZI,0.00,-0.00,NaN,0.00,0.00,0.00,-10307.24,0.00,-10307.24,0.00,TacTex,0.00,-0.00,NaN,0.00,0.00,0.00,-10307.24,0.00,-10307.24,0.00,MCTSX,0.00,-0.00,NaN,0.00,0.00,0.00,-10307.24,0.00,-10307.24,0.00,ZIP,0.00,-0.00,NaN,0.00,0.00,0.00,-10307.24,0.00,-10307.24,0.00,
12,1,100,	1,1,ZI,0.00,-0.00,NaN,0.00,0.00,0.00,-10639.48,0.00,-10639.48,0.00,TacTex,0.00,-0.00,NaN,0.00,0.00,0.00,-10639.48,0.00,-10639.48,0.00,MCTSX,0.00,-0.00,NaN,0.00,0.00,0.00,-10639.48,0.00,-10639.48,0.00,ZIP,0.00,-0.00,NaN,0.00,0.00,0.00,-10639.48,0.00,-10639.48,0.00,
13,1,100,	1,1,ZI,0.00,-0.00,NaN,0.00,0.00,0.00,-10274.18,0.00,-10274.18,0.00,TacTex,0.00,-0.00,NaN,0.00,0.00,0.00,-10274.18,0.00,-10274.18,0.00,MCTSX,0.00,-0.00,NaN,0.00,0.00,0.00,-10274.18,0.00,-10274.18,0.00,ZIP,0.00,-0.00,NaN,0.00,0.00,0.00,-10274.18,0.00,-10274.18,0.00,
14,1,100,	1,1,ZI,0.00,-0.00,NaN,0.00,0.00,0.00,-10488.37,0.00,-10488.37,0.00,TacTex,0.00,-0.00,NaN,0.00,0.00,0.00,-10488.37,0.00,-10488.37,0.00,MCTSX,0.00,-0.00,NaN,0.00,0.00,0.00,-10488.37,0.00,-10488.37,0.00,ZIP,0.00,-0.00,NaN,0.00,0.00,0.00,-10488.37,0.00,-10488.37,0.00,
15,1,100,	1,1,ZI,0.00,-0.00,NaN,0.00,0.00,0.00,-10297.08,0.00,-10297.08,0.00,TacTex,0.00,-0.00,NaN,0.00,0.00,0.00,-10297.08,0.00,-10297.08,0.00,MCTSX,0.00,-0.00,NaN,0.00,0.00,0.00,-10297.08,0.00,-10297.08,0.00,ZIP,0.00,-0.00,NaN,0.00,0.00,0.00,-10297.08,0.00,-10297.08,0.00,
16,1,100,	1,1,ZI,0.00,-0.00,NaN,0.00,0.00,0.00,-10390.32,0.00,-10390.32,0.00,TacTex,0.00,-0.00,NaN,0.00,0.00,0.00,-10390.32,0.00,-10390.32,0.00,MCTSX,0.00,-0.00,NaN,0.00,0.00,0.00,-10390.32,0.00,-10390.32,0.00,ZIP,0.00,-0.00,NaN,0.00,0.00,0.00,-10390.32,0.00,-10390.32,0.00,
17,1,100,	1,1,ZI,0.00,-0.00,NaN,0.00,0.00,0.00,-10380.42,0.00,-10380.42,0.00,TacTex,0.00,-0.00,NaN,0.00,0.00,0.00,-10380.42,0.00,-10380.42,0.00,MCTSX,0.00,-0.00,NaN,0.00,0.00,0.00,-10380.42,0.00,-10380.42,0.00,ZIP,0.00,-0.00,NaN,0.00,0.00,0.00,-10380.42,0.00,-10380.42,0.00,
18,1,100,	1,1,ZI,0.00,-0.00,NaN,0.00,0.00,0.00,-10146.31,0.00,-10146.31,0.00,TacTex,0.00,-0.00,NaN,0.00,0.00,0.00,-10146.31,0.00,-10146.31,0.00,MCTSX,0.00,-0.00,NaN,0.00,0.00,0.00,-10146.31,0.00,-10146.31,0.00,ZIP,0.00,-0.00,NaN,0.00,0.00,0.00,-10146.31,0.00,-10146.31,0.00,
19,1,100,	1,1,ZI,0.00,-0.00,NaN,0.00,0.00,0.00,-10470.63,0.00,-10470.63,0.00,TacTex,0.00,-0.00,NaN,0.00,0.00,0.00,-10470.63,0.00,-10470.63,0.00,MCTSX,0.00,-0.00,NaN,0.00,0.00,0.00,-10470.63,0.00,-10470.63,0.00,ZIP,0.00,-0.00,NaN,0.00,0.00,0.00,-10470.63,0.00,-10470.63,0.00,
20,1,100,	1,1,ZI,0.00,-0.00,NaN,0.00,0.00,0.00,-10240.81,0.00,-10240.81,0.00,TacTex,0.00,-0.00,NaN,0.00,0.00,0.00,-10240.81,0.00,-10240.81,0.00,MCTSX,0.00,-0.00,NaN,0.00,0.00,0.00,-10240.81,0.00,-10240.81,0.00,ZIP,0.00,-0.00,NaN,0.00,0.00,0.00,-10240.81,0.00,-10240.81,0.00,
21,1,100,	1,1,ZI,0.00,-0.00,NaN,0.00,0.00,0.00,-10230.82,0.00,-10230.82,0.00,TacTex,0.00,-0.00,NaN,0.00,0.00,0.00,-10230.82,0.00,-10230.82,0.00,MCTSX,0.00,-0.00,NaN,0.00,0.00,0.00,-10230.82,0.00,-10230.82,0.00,ZIP,0.00,-0.00,NaN,0.00,0.00,0.00,-10230.82,0.00,-10230.82,0.00,
22,1,100,	1,1,ZI,0.00,-0.00,NaN,0.00,0.00,0.00,-10286.67,0.00,-10286.67,0.00,TacTex,0.00,-0.00,NaN,0.00,0.00,0.00,-10286.67,0.00,-10286.67,0.00,MCTSX,0.00,-0.00,NaN,0.00,0.00,0.00,-10286.67,0.00,-10286.67,0.00,ZIP,0.00,-0.00,NaN,0.00,0.00,0.00,-10286.67,0.00,-10286.67,0.00,
23,1,100,	1,1,ZI,0.00,-0.00,NaN,0.00,0.00,0.00,-10407.00,0.00,-10407.00,0.00,TacTex,0.00,-0.00,NaN,0.00,0.00,0.00,-10407.00,0.00,-10407.00,0.00,MCTSX,0.00,-0.00,NaN,0.00,0.00,0.00,-10407.00,0.00,-10407.00,0.00,ZIP,0.00,-0.00,NaN,0.00,0.00,0.00,-10407.00,0.00,-10407.00,0.00,
24,1,100,	1,1,ZI,0.00,-0.00,NaN,0.00,0.00,0.00,-10296.87,0.00,-10296.87,0.00,TacTex,0.00,-0.00,NaN,0.00,0.00,0.00,-10296.87,0.00,-10296.87,0.00,MCTSX,0.00,-0.00,NaN,0.00,0.00,0.00,-10296.87,0.00,-10296.87,0.00,ZIP,0.00,-0.00,NaN,0.00,0.00,0.00,-10296.87,0.00,-10296.87,0.00,
25,1,100,	1,1,ZI,0.00,-0.00,NaN,0.00,0.00,0.00,-10347.58,0.00,-10347.58,0.00,TacTex,0.00,-0.00,NaN,0.00,0.00,0.00,-10347.58,0.00,-10347.58,0.00,MCTSX,0.00,-0.00,NaN,0.00,0.00,0.00,-10347.58,0.00,-10347.58,0.00,ZIP,0.00,-0.00,NaN,0.00,0.00,0.00,-10347.58,0.00,-10347.58,0.00,
26,1,100,	1,1,ZI,0.00,-0.00,NaN,0.00,0.00,0.00,-10147.27,0.00,-10147.27,0.00,TacTex,0.00,-0.00,NaN,0.00,0.00,0.00,-10147.27,0.00,-10147.27,0.00,MCTSX,0.00,-0.00,NaN,0.00,0.00,0.00,-10147.27,0.00,-10147.27,0.00,ZIP,0.00,-0.00,NaN,0.00,0.00,0.00,-10147.27,0.00,-10147.27,0.00,
27,1,100,	1,1,ZI,0.00,-0.00,NaN,0.00,0.00,0.00,-10258.50,0.00,-10258.50,0.00,TacTex,0.00,-0.00,NaN,0.00,0.00,0.00,-10258.50,0.00,-10258.50,0.00,MCTSX,0.00,-0.00,NaN,0.00,0.00,0.00,-10258.50,0.00,-10258.50,0.00,ZIP,0.00,-0.00,NaN,0.00,0.00,0.00,-10258.50,0.00,-10258.50,0.00,
28,1,100,	1,1,ZI,0.00,-0.00,NaN,0.00,0.00,0.00,-10440.68,0.00,-10440.68,0.00,TacTex,0.00,-0.00,NaN,0.00,0.00,0.00,-10440.68,0.00,-10440.68,0.00,MCTSX,0.00,-0.00,NaN,0.00,0.00,0.00,-10440.68,0.00,-10440.68,0.00,ZIP,0.00,-0.00,NaN,0.00,0.00,0.00,-10440.68,0.00,-10440.68,0.00,
29,1,100,	1,1,ZI,0.00,-0.00,NaN,0.00,0.00,0.00,-10449.76,0.00,-10449.76,0.00,TacTex,0.00,-0.00,NaN,0.00,0.00,0.00,-10449.76,0.00,-10449.76,0.00,MCTSX,0.00,-0.00,NaN,0.00,0.00,0.00,-10449.76,0.00,-10449.76,0.00,ZIP,0.00,-0.00,NaN,0.00,0.00,0.00,-10449.76,0.00,-10449.76,0.00,
30,1,100,	1,1,ZI,0.00,-0.00,NaN,0.00,0.00,0.00,-10506.11,0.00,-10506.11,0.00,TacTex,0.00,-0.00,NaN,0.00,0.00,0.00,-10506.11,0.00,-10506.11,0.00,MCTSX,0.00,-0.00,NaN,0.00,0.00,0.00,-10506.11,0.00,-10506.11,0.00,ZIP,0.00,-0.00,NaN,0.00,0.00,0.00,-10506.11,0.00,-10506.11,0.00,
START_SEED_NO,7,END_SEED_NO,30,NO_OF_MCTS_CASES,0,CASE_STUDY_NO,10,MAX_OF_SUB_CASE_STUDY,1,DIFF_MCTS_SIM_CASES_EXP,false,PEDICTOR_NAME,RepTree-misobuyers.model,TOTAL_SIM_DAYS,1,HOURS_IN_A_DAY,1,TOTAL_HOUR_AHEAD_AUCTIONS,24,NUMBER_OF_BROKERS,4,NUMBER_OF_PRODUCERS,1,PERHOURENERGYDEMAND,1.0,VARMCTSAGENTITERATION,10000,MCTSBROKERDEMANDPERC,0.25,USEDPPREDICTOR,false,THRESHOLDFILTER,false
Seed, CaseStudy, MCTSimulations, Auctions,HourAhead,ZI,Vol_Buy,Tot_Buy,UnitBuy,Vol_Sell,Tot_Sell,UnitSell,Penalty,Profit,Net,Percentage,TacTex,Vol_Buy,Tot_Buy,UnitBuy,Vol_Sell,Tot_Sell,UnitSell,Penalty,Profit,Net,Percentage,MCTSX,Vol_Buy,Tot_Buy,UnitBuy,Vol_Sell,Tot_Sell,UnitSell,Penalty,Profit,Net,Percentage,ZIP,Vol_Buy,Tot_Buy,UnitBuy,Vol_Sell,Tot_Sell,UnitSell,Penalty,Profit,Net,Percentage,
7,1,100,	1,24,ZI,0.00,-0.00,NaN,0.00,0.00,0.00,-10430.07,0.00,-10430.07,0.00,TacTex,0.00,-0.00,NaN,0.00,0.00,0.00,-10430.07,0.00,-10430.07,0.00,MCTSX,0.00,-0.00,NaN,0.00,0.00,0.00,-10430.07,0.00,-10430.07,0.00,ZIP,0.00,-0.00,NaN,0.00,0.00,0.00,-10430.07,0.00,-10430.07,0.00,
8,1,100,	1,24,ZI,0.00,-0.00,NaN,0.00,0.00,0.00,-10479.02,0.00,-10479.02,0.00,TacTex,0.00,-0.00,NaN,0.00,0.00,0.00,-10479.02,0.00,-10479.02,0.00,MCTSX,0.00,-0.00,NaN,0.00,0.00,0.00,-10479.02,0.00,-10479.02,0.00,ZIP,0.00,-0.00,NaN,0.00,0.00,0.00,-10479.02,0.00,-10479.02,0.00,
9,1,100,	1,24,ZI,0.00,-0.00,NaN,0.00,0.00,0.00,-10457.08,0.00,-10457.08,0.00,TacTex,0.00,-0.00,NaN,0.00,0.00,0.00,-10457.08,0.00,-10457.08,0.00,MCTSX,0.00,-0.00,NaN,0.00,0.00,0.00,-10457.08,0.00,-10457.08,0.00,ZIP,0.00,-0.00,NaN,0.00,0.00,0.00,-10457.08,0.00,-10457.08,0.00,
10,1,100,	1,24,ZI,0.00,-0.00,NaN,0.00,0.00,0.00,-10575.94,0.00,-10575.94,0.00,TacTex,0.00,-0.00,NaN,0.00,0.00,0.00,-10575.94,0.00,-10575.94,0.00,MCTSX,0.00,-0.00,NaN,0.00,0.00,0.00,-10575.94,0.00,-10575.94,0.00,ZIP,0.00,-0.00,NaN,0.00,0.00,0.00,-10575.94,0.00,-10575.94,0.00,
11,1,100,	1,24,ZI,0.00,-0.00,NaN,0.00,0.00,0.00,-10307.24,0.00,-10307.24,0.00,TacTex,0.00,-0.00,NaN,0.00,0.00,0.00,-10307.24,0.00,-10307.24,0.00,MCTSX,0.00,-0.00,NaN,0.00,0.00,0.00,-10307.24,0.00,-10307.24,0.00,ZIP,0.00,-0.00,NaN,0.00,0.00,0.00,-10307.24,0.00,-10307.24,0.00,
12,1,100,	1,24,ZI,0.00,-0.00,NaN,0.00,0.00,0.00,-10639.48,0.00,-10639.48,0.00,TacTex,0.00,-0.00,NaN,0.00,0.00,0.00,-10639.48,0.00,-10639.48,0.00,MCTSX,0.00,-0.00,NaN,0.00,0.00,0.00,-10639.48,0.00,-10639.48,0.00,ZIP,0.00,-0.00,NaN,0.00,0.00,0.00,-10639.48,0.00,-10639.48,0.00,
13,1,100,	1,24,ZI,0.00,-0.00,NaN,0.00,0.00,0.00,-10274.18,0.00,-10274.18,0.00,TacTex,0.00,-0.00,NaN,0.00,0.00,0.00,-10274.18,0.00,-10274.18,0.00,MCTSX,0.00,-0.00,NaN,0.00,0.00,0.00,-10274.18,0.00,-10274.18,0.00,ZIP,0.00,-0.00,NaN,0.00,0.00,0.00,-10274.18,0.00,-10274.18,0.00,
START_SEED_NO,1,END_SEED_NO,1,NO_OF_MCTS_CASES,0,CASE_STUDY_NO,10,MAX_OF_SUB_CASE_STUDY,1,DIFF_MCTS_SIM_CASES_EXP,false,PEDICTOR_NAME,RepTree-misobuyers.model,TOTAL_SIM_DAYS,1,HOURS_IN_A_DAY,1,TOTAL_HOUR_AHEAD_AUCTIONS,24,NUMBER_OF_BROKERS,4,NUMBER_OF_PRODUCERS,1,PERHOURENERGYDEMAND,1.0,VARMCTSAGENTITERATION,10000,MCTSBROKERDEMANDPERC,0.25,USEDPPREDICTOR,false,THRESHOLDFILTER,false
Seed, CaseStudy, MCTSimulations, Auctions,HourAhead,ZI,Vol_Buy,Tot_Buy,UnitBuy,Vol_Sell,Tot_Sell,UnitSell,Penalty,Profit,Net,Percentage,TacTex,Vol_Buy,Tot_Buy,UnitBuy,Vol_Sell,Tot_Sell,UnitSell,Penalty,Profit,Net,Percentage,MCTSX,Vol_Buy,Tot_Buy,UnitBuy,Vol_Sell,Tot_Sell,UnitSell,Penalty,Profit,Net,Percentage,ZIP,Vol_Buy,Tot_Buy,UnitBuy,Vol_Sell,Tot_Sell,UnitSell,Penalty,Profit,Net,Percentage,
1,1,100,	1,24,ZI,0.00,-0.00,NaN,0.00,0.00,0.00,-10651.34,0.00,-10651.34,0.00,TacTex,0.00,-0.00,NaN,0.00,0.00,0.00,-10651.34,0.00,-10651.34,0.00,MCTSX,0.00,-0.00,NaN,0.00,0.00,0.00,-10651.34,0.00,-10651.34,0.00,ZIP,0.00,-0.00,NaN,0.00,0.00,0.00,-10651.34,0.00,-10651.34,0.00,
START_SEED_NO,1,END_SEED_NO,1,NO_OF_MCTS_CASES,0,CASE_STUDY_NO,10,MAX_OF_SUB_CASE_STUDY,1,DIFF_MCTS_SIM_CASES_EXP,false,PEDICTOR_NAME,RepTree-misobuyers.model,TOTAL_SIM_DAYS,1,HOURS_IN_A_DAY,1,TOTAL_HOUR_AHEAD_AUCTIONS,24,NUMBER_OF_BROKERS,4,NUMBER_OF_PRODUCERS,1,PERHOURENERGYDEMAND,1.0,VARMCTSAGENTITERATION,10000,MCTSBROKERDEMANDPERC,0.25,USEDPPREDICTOR,false,THRESHOLDFILTER,false
Seed, CaseStudy, MCTSimulations, Auctions,HourAhead,ZI,Vol_Buy,Tot_Buy,UnitBuy,Vol_Sell,Tot_Sell,UnitSell,Penalty,Profit,Net,Percentage,TacTex,Vol_Buy,Tot_Buy,UnitBuy,Vol_Sell,Tot_Sell,UnitSell,Penalty,Profit,Net,Percentage,MCTSX,Vol_Buy,Tot_Buy,UnitBuy,Vol_Sell,Tot_Sell,UnitSell,Penalty,Profit,Net,Percentage,ZIP,Vol_Buy,Tot_Buy,UnitBuy,Vol_Sell,Tot_Sell,UnitSell,Penalty,Profit,Net,Percentage,
1,1,100,	1,24,ZI,15.05,-457.55,-30.41,0.00,0.00,0.00,-0.00,-457.55,-457.55,100.00,TacTex,15.05,-445.84,-29.63,0.00,0.00,0.00,-0.59,-445.84,-446.43,100.01,MCTSX,15.05,-214.10,-14.23,0.00,0.00,0.00,-0.71,-214.10,-214.81,100.01,ZIP,15.05,-462.91,-30.76,0.00,0.00,0.00,-0.00,-462.91,-462.91,100.00,
START_SEED_NO,1,END_SEED_NO,1,NO_OF_MCTS_CASES,0,CASE_STUDY_NO,10,MAX_OF_SUB_CASE_STUDY,1,DIFF_MCTS_SIM_CASES_EXP,false,PEDICTOR_NAME,RepTree-misobuyers.model,TOTAL_SIM_DAYS,1,HOURS_IN_A_DAY,1,TOTAL_HOUR_AHEAD_AUCTIONS,24,NUMBER_OF_BROKERS,4,NUMBER_OF_PRODUCERS,1,PERHOURENERGYDEMAND,1.0,VARMCTSAGENTITERATION,10000,MCTSBROKERDEMANDPERC,0.25,USEDPPREDICTOR,false,THRESHOLDFILTER,false
Seed, CaseStudy, MCTSimulations, Auctions,HourAhead,ZI,Vol_Buy,Tot_Buy,UnitBuy,Vol_Sell,Tot_Sell,UnitSell,Penalty,Profit,Net,Percentage,TacTex,Vol_Buy,Tot_Buy,UnitBuy,Vol_Sell,Tot_Sell,UnitSell,Penalty,Profit,Net,Percentage,MCTSX,Vol_Buy,Tot_Buy,UnitBuy,Vol_Sell,Tot_Sell,UnitSell,Penalty,Profit,Net,Percentage,ZIP,Vol_Buy,Tot_Buy,UnitBuy,Vol_Sell,Tot_Sell,UnitSell,Penalty,Profit,Net,Percentage,
1,1,100,	1,24,ZI,15.05,-495.62,-32.94,0.00,0.00,0.00,-0.00,-495.62,-495.62,100.00,TacTex,15.05,-459.29,-30.52,0.00,0.00,0.00,-0.45,-459.29,-459.74,100.00,MCTSX,15.05,-216.31,-14.37,0.00,0.00,0.00,-0.71,-216.31,-217.02,100.01,ZIP,15.05,-462.91,-30.76,0.00,0.00,0.00,-0.00,-462.91,-462.91,100.00,
START_SEED_NO,1,END_SEED_NO,1,NO_OF_MCTS_CASES,0,CASE_STUDY_NO,10,MAX_OF_SUB_CASE_STUDY,1,DIFF_MCTS_SIM_CASES_EXP,false,PEDICTOR_NAME,RepTree-misobuyers.model,TOTAL_SIM_DAYS,1,HOURS_IN_A_DAY,24,TOTAL_HOUR_AHEAD_AUCTIONS,24,NUMBER_OF_BROKERS,4,NUMBER_OF_PRODUCERS,1,PERHOURENERGYDEMAND,1.0,VARMCTSAGENTITERATION,10000,MCTSBROKERDEMANDPERC,0.25,USEDPPREDICTOR,false,THRESHOLDFILTER,false
Seed, CaseStudy, MCTSimulations, Auctions,HourAhead,ZI,Vol_Buy,Tot_Buy,UnitBuy,Vol_Sell,Tot_Sell,UnitSell,Penalty,Profit,Net,Percentage,TacTex,Vol_Buy,Tot_Buy,UnitBuy,Vol_Sell,Tot_Sell,UnitSell,Penalty,Profit,Net,Percentage,MCTSX,Vol_Buy,Tot_Buy,UnitBuy,Vol_Sell,Tot_Sell,UnitSell,Penalty,Profit,Net,Percentage,ZIP,Vol_Buy,Tot_Buy,UnitBuy,Vol_Sell,Tot_Sell,UnitSell,Penalty,Profit,Net,Percentage,
1,1,100,	24,24,ZI,361.16,-12674.42,-35.09,0.00,0.00,0.00,-0.00,-12674.42,-12674.42,100.00,TacTex,361.17,-12494.63,-34.60,0.00,0.00,0.00,-8.21,-12494.63,-12502.84,100.00,MCTSX,361.16,-9206.96,-25.49,0.00,0.00,0.00,-2.82,-9206.96,-9209.78,100.00,ZIP,361.16,-12592.72,-34.87,0.00,0.00,0.00,-0.00,-12592.72,-12592.72,100.00,
START_SEED_NO,1,END_SEED_NO,1,NO_OF_MCTS_CASES,0,CASE_STUDY_NO,10,MAX_OF_SUB_CASE_STUDY,1,DIFF_MCTS_SIM_CASES_EXP,false,PEDICTOR_NAME,RepTree-misobuyers.model,TOTAL_SIM_DAYS,1,HOURS_IN_A_DAY,24,TOTAL_HOUR_AHEAD_AUCTIONS,24,NUMBER_OF_BROKERS,4,NUMBER_OF_PRODUCERS,1,PERHOURENERGYDEMAND,1.0,VARMCTSAGENTITERATION,10000,MCTSBROKERDEMANDPERC,0.25,USEDPPREDICTOR,false,THRESHOLDFILTER,false
Seed, CaseStudy, MCTSimulations, Auctions,HourAhead,ZI,Vol_Buy,Tot_Buy,UnitBuy,Vol_Sell,Tot_Sell,UnitSell,Penalty,Profit,Net,Percentage,TacTex,Vol_Buy,Tot_Buy,UnitBuy,Vol_Sell,Tot_Sell,UnitSell,Penalty,Profit,Net,Percentage,MCTSX,Vol_Buy,Tot_Buy,UnitBuy,Vol_Sell,Tot_Sell,UnitSell,Penalty,Profit,Net,Percentage,ZIP,Vol_Buy,Tot_Buy,UnitBuy,Vol_Sell,Tot_Sell,UnitSell,Penalty,Profit,Net,Percentage,
1,1,100,	24,24,ZI,361.16,-12728.14,-35.24,0.00,0.00,0.00,-0.00,-12728.14,-12728.14,100.00,TacTex,361.17,-12486.49,-34.57,0.00,0.00,0.00,-8.26,-12486.49,-12494.76,100.00,MCTSX,361.16,-8847.79,-24.50,0.00,0.00,0.00,-2.12,-8847.79,-8849.90,100.00,ZIP,361.16,-12598.53,-34.88,0.00,0.00,0.00,-0.00,-12598.53,-12598.53,100.00,
START_SEED_NO,1,END_SEED_NO,30,NO_OF_MCTS_CASES,0,CASE_STUDY_NO,10,MAX_OF_SUB_CASE_STUDY,1,DIFF_MCTS_SIM_CASES_EXP,false,PEDICTOR_NAME,RepTree-misobuyers.model,TOTAL_SIM_DAYS,1,HOURS_IN_A_DAY,24,TOTAL_HOUR_AHEAD_AUCTIONS,24,NUMBER_OF_BROKERS,4,NUMBER_OF_PRODUCERS,1,PERHOURENERGYDEMAND,1.0,VARMCTSAGENTITERATION,10000,MCTSBROKERDEMANDPERC,0.25,USEDPPREDICTOR,false,THRESHOLDFILTER,false
Seed, CaseStudy, MCTSimulations, Auctions,HourAhead,ZI,Vol_Buy,Tot_Buy,UnitBuy,Vol_Sell,Tot_Sell,UnitSell,Penalty,Profit,Net,Percentage,TacTex,Vol_Buy,Tot_Buy,UnitBuy,Vol_Sell,Tot_Sell,UnitSell,Penalty,Profit,Net,Percentage,MCTSX,Vol_Buy,Tot_Buy,UnitBuy,Vol_Sell,Tot_Sell,UnitSell,Penalty,Profit,Net,Percentage,ZIP,Vol_Buy,Tot_Buy,UnitBuy,Vol_Sell,Tot_Sell,UnitSell,Penalty,Profit,Net,Percentage,
1,1,100,	24,24,ZI,361.16,-12654.58,-35.04,0.00,0.00,0.00,-0.00,-12654.58,-12654.58,100.00,TacTex,361.17,-12466.84,-34.52,0.00,0.00,0.00,-6.28,-12466.84,-12473.11,100.00,MCTSX,361.16,-9172.26,-25.40,0.00,0.00,0.00,-0.00,-9172.26,-9172.26,100.00,ZIP,361.16,-12601.18,-34.89,0.00,0.00,0.00,-0.00,-12601.18,-12601.18,100.00,
START_SEED_NO,1,END_SEED_NO,1,NO_OF_MCTS_CASES,0,CASE_STUDY_NO,10,MAX_OF_SUB_CASE_STUDY,1,DIFF_MCTS_SIM_CASES_EXP,false,PEDICTOR_NAME,RepTree-misobuyers.model,TOTAL_SIM_DAYS,1,HOURS_IN_A_DAY,24,TOTAL_HOUR_AHEAD_AUCTIONS,24,NUMBER_OF_BROKERS,4,NUMBER_OF_PRODUCERS,1,PERHOURENERGYDEMAND,1.0,VARMCTSAGENTITERATION,10000,MCTSBROKERDEMANDPERC,0.25,USEDPPREDICTOR,false,THRESHOLDFILTER,false
Seed, CaseStudy, MCTSimulations, Auctions,HourAhead,ZI,Vol_Buy,Tot_Buy,UnitBuy,Vol_Sell,Tot_Sell,UnitSell,Penalty,Profit,Net,Percentage,TacTex,Vol_Buy,Tot_Buy,UnitBuy,Vol_Sell,Tot_Sell,UnitSell,Penalty,Profit,Net,Percentage,MCTSX,Vol_Buy,Tot_Buy,UnitBuy,Vol_Sell,Tot_Sell,UnitSell,Penalty,Profit,Net,Percentage,ZIP,Vol_Buy,Tot_Buy,UnitBuy,Vol_Sell,Tot_Sell,UnitSell,Penalty,Profit,Net,Percentage,
1,1,100,	24,24,ZI,361.16,-12845.84,-35.57,0.00,0.00,0.00,-0.00,-12845.84,-12845.84,100.00,TacTex,361.17,-12478.76,-34.55,0.00,0.00,0.00,-6.81,-12478.76,-12485.56,100.00,MCTSX,361.16,-9218.62,-25.52,0.00,0.00,0.00,-0.00,-9218.62,-9218.62,100.00,ZIP,361.16,-12584.52,-34.84,0.00,0.00,0.00,-0.00,-12584.52,-12584.52,100.00,
START_SEED_NO,1,END_SEED_NO,1,NO_OF_MCTS_CASES,0,CASE_STUDY_NO,10,MAX_OF_SUB_CASE_STUDY,1,DIFF_MCTS_SIM_CASES_EXP,false,PEDICTOR_NAME,RepTree-misobuyers.model,TOTAL_SIM_DAYS,1,HOURS_IN_A_DAY,1,TOTAL_HOUR_AHEAD_AUCTIONS,24,NUMBER_OF_BROKERS,4,NUMBER_OF_PRODUCERS,1,PERHOURENERGYDEMAND,1.0,VARMCTSAGENTITERATION,10000,MCTSBROKERDEMANDPERC,0.25,USEDPPREDICTOR,false,THRESHOLDFILTER,false
Seed, CaseStudy, MCTSimulations, Auctions,HourAhead,ZI,Vol_Buy,Tot_Buy,UnitBuy,Vol_Sell,Tot_Sell,UnitSell,Penalty,Profit,Net,Percentage,TacTex,Vol_Buy,Tot_Buy,UnitBuy,Vol_Sell,Tot_Sell,UnitSell,Penalty,Profit,Net,Percentage,MCTSX,Vol_Buy,Tot_Buy,UnitBuy,Vol_Sell,Tot_Sell,UnitSell,Penalty,Profit,Net,Percentage,ZIP,Vol_Buy,Tot_Buy,UnitBuy,Vol_Sell,Tot_Sell,UnitSell,Penalty,Profit,Net,Percentage,
1,1,100,	1,24,ZI,15.05,-467.93,-31.10,0.00,0.00,0.00,-0.00,-467.93,-467.93,100.00,TacTex,15.05,-453.71,-30.15,0.00,0.00,0.00,-0.42,-453.71,-454.12,100.00,MCTSX,15.05,-239.62,-15.92,0.00,0.00,0.00,-0.00,-239.62,-239.62,100.00,ZIP,15.05,-462.91,-30.76,0.00,0.00,0.00,-0.00,-462.91,-462.91,100.00,
START_SEED_NO,1,END_SEED_NO,1,NO_OF_MCTS_CASES,0,CASE_STUDY_NO,10,MAX_OF_SUB_CASE_STUDY,1,DIFF_MCTS_SIM_CASES_EXP,false,PEDICTOR_NAME,RepTree-misobuyers.model,TOTAL_SIM_DAYS,1,HOURS_IN_A_DAY,1,TOTAL_HOUR_AHEAD_AUCTIONS,24,NUMBER_OF_BROKERS,4,NUMBER_OF_PRODUCERS,1,PERHOURENERGYDEMAND,1.0,VARMCTSAGENTITERATION,10000,MCTSBROKERDEMANDPERC,0.25,USEDPPREDICTOR,false,THRESHOLDFILTER,false
Seed, CaseStudy, MCTSimulations, Auctions,HourAhead,ZI,Vol_Buy,Tot_Buy,UnitBuy,Vol_Sell,Tot_Sell,UnitSell,Penalty,Profit,Net,Percentage,TacTex,Vol_Buy,Tot_Buy,UnitBuy,Vol_Sell,Tot_Sell,UnitSell,Penalty,Profit,Net,Percentage,MCTSX,Vol_Buy,Tot_Buy,UnitBuy,Vol_Sell,Tot_Sell,UnitSell,Penalty,Profit,Net,Percentage,ZIP,Vol_Buy,Tot_Buy,UnitBuy,Vol_Sell,Tot_Sell,UnitSell,Penalty,Profit,Net,Percentage,
1,1,100,	1,24,ZI,15.05,-506.61,-33.67,0.00,0.00,0.00,-0.00,-506.61,-506.61,100.00,TacTex,15.05,-454.03,-30.17,0.00,0.00,0.00,-0.42,-454.03,-454.45,100.00,MCTSX,15.05,-251.28,-16.70,0.00,0.00,0.00,-0.00,-251.28,-251.28,100.00,ZIP,15.05,-462.91,-30.76,0.00,0.00,0.00,-0.00,-462.91,-462.91,100.00,
START_SEED_NO,1,END_SEED_NO,1,NO_OF_MCTS_CASES,0,CASE_STUDY_NO,10,MAX_OF_SUB_CASE_STUDY,1,DIFF_MCTS_SIM_CASES_EXP,false,PEDICTOR_NAME,RepTree-misobuyers.model,TOTAL_SIM_DAYS,1,HOURS_IN_A_DAY,1,TOTAL_HOUR_AHEAD_AUCTIONS,24,NUMBER_OF_BROKERS,4,NUMBER_OF_PRODUCERS,1,PERHOURENERGYDEMAND,1.0,VARMCTSAGENTITERATION,10000,MCTSBROKERDEMANDPERC,0.25,USEDPPREDICTOR,false,THRESHOLDFILTER,false
Seed, CaseStudy, MCTSimulations, Auctions,HourAhead,ZI,Vol_Buy,Tot_Buy,UnitBuy,Vol_Sell,Tot_Sell,UnitSell,Penalty,Profit,Net,Percentage,TacTex,Vol_Buy,Tot_Buy,UnitBuy,Vol_Sell,Tot_Sell,UnitSell,Penalty,Profit,Net,Percentage,MCTSX,Vol_Buy,Tot_Buy,UnitBuy,Vol_Sell,Tot_Sell,UnitSell,Penalty,Profit,Net,Percentage,ZIP,Vol_Buy,Tot_Buy,UnitBuy,Vol_Sell,Tot_Sell,UnitSell,Penalty,Profit,Net,Percentage,
1,1,100,	1,24,ZI,15.05,-467.93,-31.10,0.00,0.00,0.00,-0.00,-467.93,-467.93,100.00,TacTex,15.05,-453.70,-30.15,0.00,0.00,0.00,-0.42,-453.70,-454.12,100.00,MCTSX,15.05,-228.52,-15.19,0.00,0.00,0.00,-0.00,-228.52,-228.52,100.00,ZIP,15.05,-462.91,-30.76,0.00,0.00,0.00,-0.00,-462.91,-462.91,100.00,
START_SEED_NO,1,END_SEED_NO,1,NO_OF_MCTS_CASES,0,CASE_STUDY_NO,10,MAX_OF_SUB_CASE_STUDY,1,DIFF_MCTS_SIM_CASES_EXP,false,PEDICTOR_NAME,RepTree-misobuyers.model,TOTAL_SIM_DAYS,1,HOURS_IN_A_DAY,24,TOTAL_HOUR_AHEAD_AUCTIONS,24,NUMBER_OF_BROKERS,4,NUMBER_OF_PRODUCERS,1,PERHOURENERGYDEMAND,1.0,VARMCTSAGENTITERATION,2000,MCTSBROKERDEMANDPERC,0.25,USEDPPREDICTOR,false,THRESHOLDFILTER,false
Seed, CaseStudy, MCTSimulations, Auctions,HourAhead,ZI,Vol_Buy,Tot_Buy,UnitBuy,Vol_Sell,Tot_Sell,UnitSell,Penalty,Profit,Net,Percentage,TacTex,Vol_Buy,Tot_Buy,UnitBuy,Vol_Sell,Tot_Sell,UnitSell,Penalty,Profit,Net,Percentage,MCTSX,Vol_Buy,Tot_Buy,UnitBuy,Vol_Sell,Tot_Sell,UnitSell,Penalty,Profit,Net,Percentage,ZIP,Vol_Buy,Tot_Buy,UnitBuy,Vol_Sell,Tot_Sell,UnitSell,Penalty,Profit,Net,Percentage,
1,1,100,	24,24,ZI,0.00,-0.00,NaN,0.00,0.00,0.00,-228923000621.26,0.00,-228923000621.26,0.00,TacTex,416807.64,-146990150.11,-352.66,0.00,0.00,0.00,-228629412079.06,-146990150.11,-228776402229.18,0.13,MCTSX,17778.57,-6282498.14,-353.37,0.00,0.00,0.00,-228910477843.03,-6282498.14,-228916760341.18,0.01,ZIP,0.00,-0.00,NaN,0.00,0.00,0.00,-228923000621.26,0.00,-228923000621.26,0.00,
START_SEED_NO,1,END_SEED_NO,1,NO_OF_MCTS_CASES,0,CASE_STUDY_NO,10,MAX_OF_SUB_CASE_STUDY,1,DIFF_MCTS_SIM_CASES_EXP,false,PEDICTOR_NAME,RepTree-misobuyers.model,TOTAL_SIM_DAYS,1,HOURS_IN_A_DAY,24,TOTAL_HOUR_AHEAD_AUCTIONS,24,NUMBER_OF_BROKERS,4,NUMBER_OF_PRODUCERS,1,PERHOURENERGYDEMAND,1.0,VARMCTSAGENTITERATION,2000,MCTSBROKERDEMANDPERC,0.25,USEDPPREDICTOR,false,THRESHOLDFILTER,false
Seed, CaseStudy, MCTSimulations, Auctions,HourAhead,ZI,Vol_Buy,Tot_Buy,UnitBuy,Vol_Sell,Tot_Sell,UnitSell,Penalty,Profit,Net,Percentage,TacTex,Vol_Buy,Tot_Buy,UnitBuy,Vol_Sell,Tot_Sell,UnitSell,Penalty,Profit,Net,Percentage,MCTSX,Vol_Buy,Tot_Buy,UnitBuy,Vol_Sell,Tot_Sell,UnitSell,Penalty,Profit,Net,Percentage,ZIP,Vol_Buy,Tot_Buy,UnitBuy,Vol_Sell,Tot_Sell,UnitSell,Penalty,Profit,Net,Percentage,
1,1,100,	24,24,ZI,5088.15,-257543.82,-50.62,0.00,0.00,0.00,-72720477.64,-257543.82,-72978021.47,4.70,TacTex,108348.11,-36032486.94,-332.56,0.00,0.00,0.00,-33.81,-36032486.94,-36032520.75,100.00,MCTSX,24741.41,-6616360.12,-267.42,0.00,0.00,0.00,-58883362.94,-6616360.12,-65499723.06,22.84,ZIP,62836.66,-3318107.89,-52.81,0.00,0.00,0.00,-32021746.31,-3318107.89,-35339854.20,58.00,
START_SEED_NO,1,END_SEED_NO,1,NO_OF_MCTS_CASES,0,CASE_STUDY_NO,10,MAX_OF_SUB_CASE_STUDY,1,DIFF_MCTS_SIM_CASES_EXP,false,PEDICTOR_NAME,RepTree-misobuyers.model,TOTAL_SIM_DAYS,1,HOURS_IN_A_DAY,24,TOTAL_HOUR_AHEAD_AUCTIONS,24,NUMBER_OF_BROKERS,4,NUMBER_OF_PRODUCERS,1,PERHOURENERGYDEMAND,1.0,VARMCTSAGENTITERATION,2000,MCTSBROKERDEMANDPERC,0.25,USEDPPREDICTOR,false,THRESHOLDFILTER,false
Seed, CaseStudy, MCTSimulations, Auctions,HourAhead,ZI,Vol_Buy,Tot_Buy,UnitBuy,Vol_Sell,Tot_Sell,UnitSell,Penalty,Profit,Net,Percentage,TacTex,Vol_Buy,Tot_Buy,UnitBuy,Vol_Sell,Tot_Sell,UnitSell,Penalty,Profit,Net,Percentage,MCTSX,Vol_Buy,Tot_Buy,UnitBuy,Vol_Sell,Tot_Sell,UnitSell,Penalty,Profit,Net,Percentage,ZIP,Vol_Buy,Tot_Buy,UnitBuy,Vol_Sell,Tot_Sell,UnitSell,Penalty,Profit,Net,Percentage,
1,1,100,	24,24,ZI,3434.40,-141395.06,-41.17,0.00,0.00,0.00,-126096.95,-141395.06,-267492.01,95.09,TacTex,3611.61,-161183.33,-44.63,0.00,0.00,0.00,-9.49,-161183.33,-161192.83,100.00,MCTSX,3611.61,-153279.94,-42.44,0.00,0.00,0.00,-0.00,-153279.94,-153279.94,100.00,ZIP,3611.61,-153894.59,-42.61,0.00,0.00,0.00,-0.00,-153894.59,-153894.59,100.00,
START_SEED_NO,1,END_SEED_NO,1,NO_OF_MCTS_CASES,0,CASE_STUDY_NO,10,MAX_OF_SUB_CASE_STUDY,1,DIFF_MCTS_SIM_CASES_EXP,false,PEDICTOR_NAME,RepTree-misobuyers.model,TOTAL_SIM_DAYS,1,HOURS_IN_A_DAY,24,TOTAL_HOUR_AHEAD_AUCTIONS,24,NUMBER_OF_BROKERS,4,NUMBER_OF_PRODUCERS,1,PERHOURENERGYDEMAND,1.0,VARMCTSAGENTITERATION,2000,MCTSBROKERDEMANDPERC,0.25,USEDPPREDICTOR,false,THRESHOLDFILTER,false
Seed, CaseStudy, MCTSimulations, Auctions,HourAhead,ZI,Vol_Buy,Tot_Buy,UnitBuy,Vol_Sell,Tot_Sell,UnitSell,Penalty,Profit,Net,Percentage,TacTex,Vol_Buy,Tot_Buy,UnitBuy,Vol_Sell,Tot_Sell,UnitSell,Penalty,Profit,Net,Percentage,MCTSX,Vol_Buy,Tot_Buy,UnitBuy,Vol_Sell,Tot_Sell,UnitSell,Penalty,Profit,Net,Percentage,ZIP,Vol_Buy,Tot_Buy,UnitBuy,Vol_Sell,Tot_Sell,UnitSell,Penalty,Profit,Net,Percentage,
1,1,100,	24,24,ZI,7067.83,-309774.42,-43.83,0.00,0.00,0.00,-109028.08,-309774.42,-418802.50,97.85,TacTex,7223.21,-516371.34,-71.49,0.00,0.00,0.00,-9.86,-516371.34,-516381.20,100.00,MCTSX,7223.21,-349233.97,-48.35,0.00,0.00,0.00,-0.00,-349233.97,-349233.97,100.00,ZIP,7223.21,-343071.86,-47.50,0.00,0.00,0.00,-0.00,-343071.86,-343071.86,100.00,
START_SEED_NO,1,END_SEED_NO,1,NO_OF_MCTS_CASES,0,CASE_STUDY_NO,10,MAX_OF_SUB_CASE_STUDY,1,DIFF_MCTS_SIM_CASES_EXP,false,PEDICTOR_NAME,RepTree-misobuyers.model,TOTAL_SIM_DAYS,1,HOURS_IN_A_DAY,24,TOTAL_HOUR_AHEAD_AUCTIONS,24,NUMBER_OF_BROKERS,4,NUMBER_OF_PRODUCERS,1,PERHOURENERGYDEMAND,1.0,VARMCTSAGENTITERATION,2000,MCTSBROKERDEMANDPERC,0.25,USEDPPREDICTOR,false,THRESHOLDFILTER,false
Seed, CaseStudy, MCTSimulations, Auctions,HourAhead,ZI,Vol_Buy,Tot_Buy,UnitBuy,Vol_Sell,Tot_Sell,UnitSell,Penalty,Profit,Net,Percentage,TacTex,Vol_Buy,Tot_Buy,UnitBuy,Vol_Sell,Tot_Sell,UnitSell,Penalty,Profit,Net,Percentage,MCTSX,Vol_Buy,Tot_Buy,UnitBuy,Vol_Sell,Tot_Sell,UnitSell,Penalty,Profit,Net,Percentage,ZIP,Vol_Buy,Tot_Buy,UnitBuy,Vol_Sell,Tot_Sell,UnitSell,Penalty,Profit,Net,Percentage,
1,1,100,	24,24,ZI,9684.29,-422001.90,-43.58,0.00,0.00,0.00,-809815.74,-422001.90,-1231817.64,89.38,TacTex,10834.82,-1176263.00,-108.56,0.00,0.00,0.00,-10.17,-1176263.00,-1176273.17,100.00,MCTSX,10834.82,-551240.47,-50.88,0.00,0.00,0.00,-0.00,-551240.47,-551240.47,100.00,ZIP,10834.82,-535312.80,-49.41,0.00,0.00,0.00,-0.00,-535312.80,-535312.80,100.00,
START_SEED_NO,1,END_SEED_NO,1,NO_OF_MCTS_CASES,0,CASE_STUDY_NO,10,MAX_OF_SUB_CASE_STUDY,1,DIFF_MCTS_SIM_CASES_EXP,false,PEDICTOR_NAME,RepTree-misobuyers.model,TOTAL_SIM_DAYS,1,HOURS_IN_A_DAY,24,TOTAL_HOUR_AHEAD_AUCTIONS,24,NUMBER_OF_BROKERS,4,NUMBER_OF_PRODUCERS,1,PERHOURENERGYDEMAND,1.0,VARMCTSAGENTITERATION,2000,MCTSBROKERDEMANDPERC,0.25,USEDPPREDICTOR,false,THRESHOLDFILTER,false
Seed, CaseStudy, MCTSimulations, Auctions,HourAhead,ZI,Vol_Buy,Tot_Buy,UnitBuy,Vol_Sell,Tot_Sell,UnitSell,Penalty,Profit,Net,Percentage,TacTex,Vol_Buy,Tot_Buy,UnitBuy,Vol_Sell,Tot_Sell,UnitSell,Penalty,Profit,Net,Percentage,MCTSX,Vol_Buy,Tot_Buy,UnitBuy,Vol_Sell,Tot_Sell,UnitSell,Penalty,Profit,Net,Percentage,ZIP,Vol_Buy,Tot_Buy,UnitBuy,Vol_Sell,Tot_Sell,UnitSell,Penalty,Profit,Net,Percentage,
1,1,100,	24,24,ZI,361.16,-12658.26,-35.05,0.00,0.00,0.00,-0.00,-12658.26,-12658.26,100.00,TacTex,361.17,-12389.08,-34.30,0.00,0.00,0.00,-9.04,-12389.08,-12398.12,100.00,MCTSX,361.16,-9238.80,-25.58,0.00,0.00,0.00,-0.00,-9238.80,-9238.80,100.00,ZIP,361.16,-12621.43,-34.95,0.00,0.00,0.00,-0.00,-12621.43,-12621.43,100.00,
START_SEED_NO,1,END_SEED_NO,1,NO_OF_MCTS_CASES,0,CASE_STUDY_NO,10,MAX_OF_SUB_CASE_STUDY,1,DIFF_MCTS_SIM_CASES_EXP,false,PEDICTOR_NAME,RepTree-misobuyers.model,TOTAL_SIM_DAYS,1,HOURS_IN_A_DAY,1,TOTAL_HOUR_AHEAD_AUCTIONS,24,NUMBER_OF_BROKERS,4,NUMBER_OF_PRODUCERS,1,PERHOURENERGYDEMAND,1.0,VARMCTSAGENTITERATION,15000,MCTSBROKERDEMANDPERC,0.25,USEDPPREDICTOR,false,THRESHOLDFILTER,false
Seed, CaseStudy, MCTSimulations, Auctions,HourAhead,ZI,Vol_Buy,Tot_Buy,UnitBuy,Vol_Sell,Tot_Sell,UnitSell,Penalty,Profit,Net,Percentage,TacTex,Vol_Buy,Tot_Buy,UnitBuy,Vol_Sell,Tot_Sell,UnitSell,Penalty,Profit,Net,Percentage,MCTSX,Vol_Buy,Tot_Buy,UnitBuy,Vol_Sell,Tot_Sell,UnitSell,Penalty,Profit,Net,Percentage,ZIP,Vol_Buy,Tot_Buy,UnitBuy,Vol_Sell,Tot_Sell,UnitSell,Penalty,Profit,Net,Percentage,
1,1,15000,	1,24,ZI,15.05,-417.52,-27.75,0.00,0.00,0.00,-0.00,-417.52,-417.52,100.00,TacTex,15.05,-456.27,-30.32,0.00,0.00,0.00,-0.16,-456.27,-456.43,100.00,MCTSX,15.05,-347.04,-23.06,0.00,0.00,0.00,-0.00,-347.04,-347.04,100.00,ZIP,15.05,-462.91,-30.76,0.00,0.00,0.00,-0.00,-462.91,-462.91,100.00,
START_SEED_NO,1,END_SEED_NO,1,NO_OF_MCTS_CASES,0,CASE_STUDY_NO,10,MAX_OF_SUB_CASE_STUDY,1,DIFF_MCTS_SIM_CASES_EXP,false,PEDICTOR_NAME,RepTree-misobuyers.model,TOTAL_SIM_DAYS,1,HOURS_IN_A_DAY,1,TOTAL_HOUR_AHEAD_AUCTIONS,24,NUMBER_OF_BROKERS,4,NUMBER_OF_PRODUCERS,1,PERHOURENERGYDEMAND,1.0,VARMCTSAGENTITERATION,15000,MCTSBROKERDEMANDPERC,0.25,USEDPPREDICTOR,false,THRESHOLDFILTER,false
Seed, CaseStudy, MCTSimulations, Auctions,HourAhead,ZI,Vol_Buy,Tot_Buy,UnitBuy,Vol_Sell,Tot_Sell,UnitSell,Penalty,Profit,Net,Percentage,TacTex,Vol_Buy,Tot_Buy,UnitBuy,Vol_Sell,Tot_Sell,UnitSell,Penalty,Profit,Net,Percentage,MCTSX,Vol_Buy,Tot_Buy,UnitBuy,Vol_Sell,Tot_Sell,UnitSell,Penalty,Profit,Net,Percentage,ZIP,Vol_Buy,Tot_Buy,UnitBuy,Vol_Sell,Tot_Sell,UnitSell,Penalty,Profit,Net,Percentage,
1,1,15000,	1,24,ZI,15.05,-467.93,-31.10,0.00,0.00,0.00,-0.00,-467.93,-467.93,100.00,TacTex,15.05,-453.71,-30.15,0.00,0.00,0.00,-0.42,-453.71,-454.12,100.00,MCTSX,15.05,-239.62,-15.92,0.00,0.00,0.00,-0.00,-239.62,-239.62,100.00,ZIP,15.05,-462.91,-30.76,0.00,0.00,0.00,-0.00,-462.91,-462.91,100.00,
START_SEED_NO,1,END_SEED_NO,1,NO_OF_MCTS_CASES,0,CASE_STUDY_NO,10,MAX_OF_SUB_CASE_STUDY,1,DIFF_MCTS_SIM_CASES_EXP,false,PEDICTOR_NAME,RepTree-misobuyers.model,TOTAL_SIM_DAYS,56,HOURS_IN_A_DAY,24,TOTAL_HOUR_AHEAD_AUCTIONS,24,NUMBER_OF_BROKERS,4,NUMBER_OF_PRODUCERS,1,PERHOURENERGYDEMAND,1.0,VARMCTSAGENTITERATION,2000,MCTSBROKERDEMANDPERC,0.25,USEDPPREDICTOR,false,THRESHOLDFILTER,false
Seed, CaseStudy, MCTSimulations, Auctions,HourAhead,ZI,Vol_Buy,Tot_Buy,UnitBuy,Vol_Sell,Tot_Sell,UnitSell,Penalty,Profit,Net,Percentage,TacTex,Vol_Buy,Tot_Buy,UnitBuy,Vol_Sell,Tot_Sell,UnitSell,Penalty,Profit,Net,Percentage,MCTSX,Vol_Buy,Tot_Buy,UnitBuy,Vol_Sell,Tot_Sell,UnitSell,Penalty,Profit,Net,Percentage,ZIP,Vol_Buy,Tot_Buy,UnitBuy,Vol_Sell,Tot_Sell,UnitSell,Penalty,Profit,Net,Percentage,
1,1,2000,	1344,24,ZI,20224.99,-687383.67,-33.99,0.00,0.00,0.00,-0.00,-687383.67,-687383.67,100.00,TacTex,20225.67,-688694.37,-34.05,0.00,0.00,0.00,-479.78,-688694.37,-689174.15,100.00,MCTSX,20224.99,-478021.30,-23.64,0.00,0.00,0.00,-0.00,-478021.30,-478021.30,100.00,ZIP,20224.99,-702267.57,-34.72,0.00,0.00,0.00,-0.00,-702267.57,-702267.57,100.00,
START_SEED_NO,1,END_SEED_NO,1,NO_OF_MCTS_CASES,0,CASE_STUDY_NO,10,MAX_OF_SUB_CASE_STUDY,1,DIFF_MCTS_SIM_CASES_EXP,false,PEDICTOR_NAME,RepTree-misobuyers.model,TOTAL_SIM_DAYS,56,HOURS_IN_A_DAY,24,TOTAL_HOUR_AHEAD_AUCTIONS,24,NUMBER_OF_BROKERS,4,NUMBER_OF_PRODUCERS,1,PERHOURENERGYDEMAND,1.0,VARMCTSAGENTITERATION,2000,MCTSBROKERDEMANDPERC,0.25,USEDPPREDICTOR,false,THRESHOLDFILTER,false
Seed, CaseStudy, MCTSimulations, Auctions,HourAhead,ZI,Vol_Buy,Tot_Buy,UnitBuy,Vol_Sell,Tot_Sell,UnitSell,Penalty,Profit,Net,Percentage,TacTex,Vol_Buy,Tot_Buy,UnitBuy,Vol_Sell,Tot_Sell,UnitSell,Penalty,Profit,Net,Percentage,MCTSX,Vol_Buy,Tot_Buy,UnitBuy,Vol_Sell,Tot_Sell,UnitSell,Penalty,Profit,Net,Percentage,ZIP,Vol_Buy,Tot_Buy,UnitBuy,Vol_Sell,Tot_Sell,UnitSell,Penalty,Profit,Net,Percentage,
1,1,2000,	1344,24,ZI,1143165.01,-102176985.02,-89.38,0.00,0.00,0.00,-618961109.17,-102176985.02,-721138094.19,56.52,TacTex,2022499.10,-589386220.20,-291.41,0.06,47.01,739.27,-400.78,-589386173.19,-589386573.97,100.00,MCTSX,1955434.78,-328719861.34,-168.11,0.00,0.00,0.00,-47206495.18,-328719861.34,-375926356.52,96.68,ZIP,2021905.12,-163788999.96,-81.01,0.00,0.00,0.00,-417521.25,-163788999.96,-164206521.21,99.97,
START_SEED_NO,1,END_SEED_NO,1,NO_OF_MCTS_CASES,0,CASE_STUDY_NO,10,MAX_OF_SUB_CASE_STUDY,1,DIFF_MCTS_SIM_CASES_EXP,false,PEDICTOR_NAME,RepTree-misobuyers.model,TOTAL_SIM_DAYS,1,HOURS_IN_A_DAY,1,TOTAL_HOUR_AHEAD_AUCTIONS,24,NUMBER_OF_BROKERS,4,NUMBER_OF_PRODUCERS,1,PERHOURENERGYDEMAND,1.0,VARMCTSAGENTITERATION,2000,MCTSBROKERDEMANDPERC,0.25,USEDPPREDICTOR,false,THRESHOLDFILTER,false
Seed, CaseStudy, MCTSimulations, Auctions,HourAhead,ZI,Vol_Buy,Tot_Buy,UnitBuy,Vol_Sell,Tot_Sell,UnitSell,Penalty,Profit,Net,Percentage,TacTex,Vol_Buy,Tot_Buy,UnitBuy,Vol_Sell,Tot_Sell,UnitSell,Penalty,Profit,Net,Percentage,MCTSX,Vol_Buy,Tot_Buy,UnitBuy,Vol_Sell,Tot_Sell,UnitSell,Penalty,Profit,Net,Percentage,ZIP,Vol_Buy,Tot_Buy,UnitBuy,Vol_Sell,Tot_Sell,UnitSell,Penalty,Profit,Net,Percentage,
1,1,2000,	1,24,ZI,753.21,-30056.78,-39.91,0.00,0.00,0.00,-532008.72,-30056.78,-562065.50,50.05,TacTex,1504.84,-388834.91,-258.39,0.00,0.45,735.00,-0.00,-388834.46,-388834.46,100.00,MCTSX,1012.60,-604228.41,-596.71,0.00,0.00,0.00,-348405.87,-604228.41,-952634.28,67.29,ZIP,1504.84,-80530.27,-53.51,0.00,0.00,0.00,-0.00,-80530.27,-80530.27,100.00,
START_SEED_NO,1,END_SEED_NO,1,NO_OF_MCTS_CASES,0,CASE_STUDY_NO,10,MAX_OF_SUB_CASE_STUDY,1,DIFF_MCTS_SIM_CASES_EXP,false,PEDICTOR_NAME,RepTree-misobuyers.model,TOTAL_SIM_DAYS,1,HOURS_IN_A_DAY,1,TOTAL_HOUR_AHEAD_AUCTIONS,24,NUMBER_OF_BROKERS,4,NUMBER_OF_PRODUCERS,1,PERHOURENERGYDEMAND,1.0,VARMCTSAGENTITERATION,2000,MCTSBROKERDEMANDPERC,0.25,USEDPPREDICTOR,false,THRESHOLDFILTER,false
Seed, CaseStudy, MCTSimulations, Auctions,HourAhead,ZI,Vol_Buy,Tot_Buy,UnitBuy,Vol_Sell,Tot_Sell,UnitSell,Penalty,Profit,Net,Percentage,TacTex,Vol_Buy,Tot_Buy,UnitBuy,Vol_Sell,Tot_Sell,UnitSell,Penalty,Profit,Net,Percentage,MCTSX,Vol_Buy,Tot_Buy,UnitBuy,Vol_Sell,Tot_Sell,UnitSell,Penalty,Profit,Net,Percentage,ZIP,Vol_Buy,Tot_Buy,UnitBuy,Vol_Sell,Tot_Sell,UnitSell,Penalty,Profit,Net,Percentage,
1,1,2000,	1,24,ZI,1125.77,-51097.08,-45.39,0.00,0.00,0.00,-268305.91,-51097.08,-319402.98,74.81,TacTex,1504.84,-388842.18,-258.40,0.00,0.31,735.00,-0.00,-388841.87,-388841.87,100.00,MCTSX,1006.84,-603081.11,-598.98,0.00,0.00,0.00,-352482.58,-603081.11,-955563.69,66.91,ZIP,1504.84,-76939.46,-51.13,0.00,0.00,0.00,-0.00,-76939.46,-76939.46,100.00,
START_SEED_NO,1,END_SEED_NO,1,NO_OF_MCTS_CASES,0,CASE_STUDY_NO,10,MAX_OF_SUB_CASE_STUDY,1,DIFF_MCTS_SIM_CASES_EXP,false,PEDICTOR_NAME,RepTree-misobuyers.model,TOTAL_SIM_DAYS,1,HOURS_IN_A_DAY,1,TOTAL_HOUR_AHEAD_AUCTIONS,24,NUMBER_OF_BROKERS,4,NUMBER_OF_PRODUCERS,1,PERHOURENERGYDEMAND,1.0,VARMCTSAGENTITERATION,2000,MCTSBROKERDEMANDPERC,0.25,USEDPPREDICTOR,false,THRESHOLDFILTER,false
Seed, CaseStudy, MCTSimulations, Auctions,HourAhead,ZI,Vol_Buy,Tot_Buy,UnitBuy,Vol_Sell,Tot_Sell,UnitSell,Penalty,Profit,Net,Percentage,TacTex,Vol_Buy,Tot_Buy,UnitBuy,Vol_Sell,Tot_Sell,UnitSell,Penalty,Profit,Net,Percentage,MCTSX,Vol_Buy,Tot_Buy,UnitBuy,Vol_Sell,Tot_Sell,UnitSell,Penalty,Profit,Net,Percentage,ZIP,Vol_Buy,Tot_Buy,UnitBuy,Vol_Sell,Tot_Sell,UnitSell,Penalty,Profit,Net,Percentage,
1,1,2000,	1,24,ZI,574.58,-27939.40,-48.63,0.00,0.00,0.00,-658439.76,-27939.40,-686379.17,38.18,TacTex,1504.84,-388835.94,-258.39,0.00,0.45,735.00,-0.00,-388835.49,-388835.49,100.00,MCTSX,1206.72,-610740.17,-506.12,0.00,0.00,0.00,-211009.28,-610740.17,-821749.45,80.19,ZIP,1504.84,-76939.46,-51.13,0.00,0.00,0.00,-0.00,-76939.46,-76939.46,100.00,
START_SEED_NO,1,END_SEED_NO,1,NO_OF_MCTS_CASES,0,CASE_STUDY_NO,10,MAX_OF_SUB_CASE_STUDY,1,DIFF_MCTS_SIM_CASES_EXP,false,PEDICTOR_NAME,RepTree-misobuyers.model,TOTAL_SIM_DAYS,1,HOURS_IN_A_DAY,1,TOTAL_HOUR_AHEAD_AUCTIONS,24,NUMBER_OF_BROKERS,4,NUMBER_OF_PRODUCERS,1,PERHOURENERGYDEMAND,1.0,VARMCTSAGENTITERATION,2000,MCTSBROKERDEMANDPERC,0.25,USEDPPREDICTOR,false,THRESHOLDFILTER,false
Seed, CaseStudy, MCTSimulations, Auctions,HourAhead,ZI,Vol_Buy,Tot_Buy,UnitBuy,Vol_Sell,Tot_Sell,UnitSell,Penalty,Profit,Net,Percentage,TacTex,Vol_Buy,Tot_Buy,UnitBuy,Vol_Sell,Tot_Sell,UnitSell,Penalty,Profit,Net,Percentage,MCTSX,Vol_Buy,Tot_Buy,UnitBuy,Vol_Sell,Tot_Sell,UnitSell,Penalty,Profit,Net,Percentage,ZIP,Vol_Buy,Tot_Buy,UnitBuy,Vol_Sell,Tot_Sell,UnitSell,Penalty,Profit,Net,Percentage,
1,1,2000,	1,24,ZI,568.70,-21518.40,-37.84,0.00,0.00,0.00,-662603.26,-21518.40,-684121.66,37.79,TacTex,1504.84,-388834.69,-258.39,0.00,0.62,735.00,-0.00,-388834.07,-388834.07,100.00,MCTSX,818.27,-597658.15,-730.39,0.00,0.00,0.00,-485956.62,-597658.15,-1083614.77,54.38,ZIP,1504.84,-79387.04,-52.75,0.00,0.00,0.00,-0.00,-79387.04,-79387.04,100.00,
START_SEED_NO,1,END_SEED_NO,1,NO_OF_MCTS_CASES,0,CASE_STUDY_NO,10,MAX_OF_SUB_CASE_STUDY,1,DIFF_MCTS_SIM_CASES_EXP,false,PEDICTOR_NAME,RepTree-misobuyers.model,TOTAL_SIM_DAYS,1,HOURS_IN_A_DAY,1,TOTAL_HOUR_AHEAD_AUCTIONS,24,NUMBER_OF_BROKERS,4,NUMBER_OF_PRODUCERS,1,PERHOURENERGYDEMAND,1.0,VARMCTSAGENTITERATION,2000,MCTSBROKERDEMANDPERC,0.25,USEDPPREDICTOR,false,THRESHOLDFILTER,false
Seed, CaseStudy, MCTSimulations, Auctions,HourAhead,ZI,Vol_Buy,Tot_Buy,UnitBuy,Vol_Sell,Tot_Sell,UnitSell,Penalty,Profit,Net,Percentage,TacTex,Vol_Buy,Tot_Buy,UnitBuy,Vol_Sell,Tot_Sell,UnitSell,Penalty,Profit,Net,Percentage,MCTSX,Vol_Buy,Tot_Buy,UnitBuy,Vol_Sell,Tot_Sell,UnitSell,Penalty,Profit,Net,Percentage,ZIP,Vol_Buy,Tot_Buy,UnitBuy,Vol_Sell,Tot_Sell,UnitSell,Penalty,Profit,Net,Percentage,
1,1,2000,	1,24,ZI,210.03,-7147.02,-34.03,0.00,0.00,0.00,-916475.86,-7147.02,-923622.88,13.96,TacTex,1504.84,-388834.61,-258.39,0.00,0.18,735.00,-0.00,-388834.43,-388834.43,100.00,MCTSX,1108.70,-607578.64,-548.01,0.00,0.00,0.00,-280386.88,-607578.64,-887965.52,73.68,ZIP,1504.84,-79142.26,-52.59,0.00,0.00,0.00,-0.00,-79142.26,-79142.26,100.00,
START_SEED_NO,1,END_SEED_NO,1,NO_OF_MCTS_CASES,0,CASE_STUDY_NO,10,MAX_OF_SUB_CASE_STUDY,1,DIFF_MCTS_SIM_CASES_EXP,false,PEDICTOR_NAME,RepTree-misobuyers.model,TOTAL_SIM_DAYS,1,HOURS_IN_A_DAY,1,TOTAL_HOUR_AHEAD_AUCTIONS,24,NUMBER_OF_BROKERS,4,NUMBER_OF_PRODUCERS,1,PERHOURENERGYDEMAND,1.0,VARMCTSAGENTITERATION,2000,MCTSBROKERDEMANDPERC,0.25,USEDPPREDICTOR,false,THRESHOLDFILTER,false
Seed, CaseStudy, MCTSimulations, Auctions,HourAhead,ZI,Vol_Buy,Tot_Buy,UnitBuy,Vol_Sell,Tot_Sell,UnitSell,Penalty,Profit,Net,Percentage,TacTex,Vol_Buy,Tot_Buy,UnitBuy,Vol_Sell,Tot_Sell,UnitSell,Penalty,Profit,Net,Percentage,MCTSX,Vol_Buy,Tot_Buy,UnitBuy,Vol_Sell,Tot_Sell,UnitSell,Penalty,Profit,Net,Percentage,ZIP,Vol_Buy,Tot_Buy,UnitBuy,Vol_Sell,Tot_Sell,UnitSell,Penalty,Profit,Net,Percentage,
1,1,2000,	1,24,ZI,1172.73,-53416.83,-45.55,0.00,0.00,0.00,-235069.71,-53416.83,-288486.54,77.93,TacTex,1504.84,-388835.02,-258.39,0.00,0.59,735.00,-0.00,-388834.42,-388834.42,100.00,MCTSX,1447.00,-626074.18,-432.67,0.00,0.00,0.00,-40934.10,-626074.18,-667008.28,96.16,ZIP,1504.84,-79527.21,-52.85,0.00,0.00,0.00,-0.00,-79527.21,-79527.21,100.00,
START_SEED_NO,1,END_SEED_NO,1,NO_OF_MCTS_CASES,0,CASE_STUDY_NO,10,MAX_OF_SUB_CASE_STUDY,1,DIFF_MCTS_SIM_CASES_EXP,false,PEDICTOR_NAME,RepTree-misobuyers.model,TOTAL_SIM_DAYS,1,HOURS_IN_A_DAY,1,TOTAL_HOUR_AHEAD_AUCTIONS,24,NUMBER_OF_BROKERS,4,NUMBER_OF_PRODUCERS,1,PERHOURENERGYDEMAND,1.0,VARMCTSAGENTITERATION,2000,MCTSBROKERDEMANDPERC,0.25,USEDPPREDICTOR,false,THRESHOLDFILTER,false
Seed, CaseStudy, MCTSimulations, Auctions,HourAhead,ZI,Vol_Buy,Tot_Buy,UnitBuy,Vol_Sell,Tot_Sell,UnitSell,Penalty,Profit,Net,Percentage,TacTex,Vol_Buy,Tot_Buy,UnitBuy,Vol_Sell,Tot_Sell,UnitSell,Penalty,Profit,Net,Percentage,MCTSX,Vol_Buy,Tot_Buy,UnitBuy,Vol_Sell,Tot_Sell,UnitSell,Penalty,Profit,Net,Percentage,ZIP,Vol_Buy,Tot_Buy,UnitBuy,Vol_Sell,Tot_Sell,UnitSell,Penalty,Profit,Net,Percentage,
1,1,2000,	1,24,ZI,15.05,-467.93,-31.10,0.00,0.00,0.00,-0.00,-467.93,-467.93,100.00,TacTex,15.05,-455.27,-30.25,0.00,0.00,0.00,-0.30,-455.27,-455.57,100.00,MCTSX,15.05,-173.07,-11.50,0.00,0.00,0.00,-0.00,-173.07,-173.07,100.00,ZIP,15.05,-462.91,-30.76,0.00,0.00,0.00,-0.00,-462.91,-462.91,100.00,
START_SEED_NO,1,END_SEED_NO,1,NO_OF_MCTS_CASES,0,CASE_STUDY_NO,10,MAX_OF_SUB_CASE_STUDY,1,DIFF_MCTS_SIM_CASES_EXP,false,PEDICTOR_NAME,RepTree-misobuyers.model,TOTAL_SIM_DAYS,56,HOURS_IN_A_DAY,24,TOTAL_HOUR_AHEAD_AUCTIONS,24,NUMBER_OF_BROKERS,4,NUMBER_OF_PRODUCERS,1,PERHOURENERGYDEMAND,1.0,VARMCTSAGENTITERATION,2000,MCTSBROKERDEMANDPERC,0.25,USEDPPREDICTOR,false,THRESHOLDFILTER,false
Seed, CaseStudy, MCTSimulations, Auctions,HourAhead,ZI,Vol_Buy,Tot_Buy,UnitBuy,Vol_Sell,Tot_Sell,UnitSell,Penalty,Profit,Net,Percentage,TacTex,Vol_Buy,Tot_Buy,UnitBuy,Vol_Sell,Tot_Sell,UnitSell,Penalty,Profit,Net,Percentage,MCTSX,Vol_Buy,Tot_Buy,UnitBuy,Vol_Sell,Tot_Sell,UnitSell,Penalty,Profit,Net,Percentage,ZIP,Vol_Buy,Tot_Buy,UnitBuy,Vol_Sell,Tot_Sell,UnitSell,Penalty,Profit,Net,Percentage,
1,1,2000,	1344,24,ZI,20224.99,-702715.63,-34.74,0.00,0.00,0.00,-0.00,-702715.63,-702715.63,100.00,TacTex,20225.64,-694600.15,-34.34,0.00,0.00,0.00,-458.16,-694600.15,-695058.31,100.00,MCTSX,20224.99,-477406.64,-23.60,0.00,0.00,0.00,-3.86,-477406.64,-477410.50,100.00,ZIP,20224.99,-701911.80,-34.71,0.00,0.00,0.00,-0.00,-701911.80,-701911.80,100.00,
START_SEED_NO,1,END_SEED_NO,1,NO_OF_MCTS_CASES,0,CASE_STUDY_NO,10,MAX_OF_SUB_CASE_STUDY,1,DIFF_MCTS_SIM_CASES_EXP,false,PEDICTOR_NAME,RepTree-misobuyers.model,TOTAL_SIM_DAYS,56,HOURS_IN_A_DAY,24,TOTAL_HOUR_AHEAD_AUCTIONS,24,NUMBER_OF_BROKERS,4,NUMBER_OF_PRODUCERS,1,PERHOURENERGYDEMAND,1.0,VARMCTSAGENTITERATION,2000,MCTSBROKERDEMANDPERC,0.25,USEDPPREDICTOR,false,THRESHOLDFILTER,false
Seed, CaseStudy, MCTSimulations, Auctions,HourAhead,ZI,Vol_Buy,Tot_Buy,UnitBuy,Vol_Sell,Tot_Sell,UnitSell,Penalty,Profit,Net,Percentage,TacTex,Vol_Buy,Tot_Buy,UnitBuy,Vol_Sell,Tot_Sell,UnitSell,Penalty,Profit,Net,Percentage,MCTSX,Vol_Buy,Tot_Buy,UnitBuy,Vol_Sell,Tot_Sell,UnitSell,Penalty,Profit,Net,Percentage,ZIP,Vol_Buy,Tot_Buy,UnitBuy,Vol_Sell,Tot_Sell,UnitSell,Penalty,Profit,Net,Percentage,
1,1,2000,	1344,24,ZI,20224.99,-700808.47,-34.65,0.00,0.00,0.00,-0.00,-700808.47,-700808.47,100.00,TacTex,20225.65,-692430.51,-34.24,0.00,0.00,0.00,-463.01,-692430.51,-692893.52,100.00,MCTSX,20225.00,-479318.85,-23.70,0.00,0.00,0.00,-24.01,-479318.85,-479342.86,100.00,ZIP,20224.99,-700693.98,-34.64,0.00,0.00,0.00,-0.00,-700693.98,-700693.98,100.00,
START_SEED_NO,1,END_SEED_NO,1,NO_OF_MCTS_CASES,0,CASE_STUDY_NO,10,MAX_OF_SUB_CASE_STUDY,1,DIFF_MCTS_SIM_CASES_EXP,false,PEDICTOR_NAME,RepTree-misobuyers.model,TOTAL_SIM_DAYS,1,HOURS_IN_A_DAY,1,TOTAL_HOUR_AHEAD_AUCTIONS,24,NUMBER_OF_BROKERS,4,NUMBER_OF_PRODUCERS,1,PERHOURENERGYDEMAND,1.0,VARMCTSAGENTITERATION,2000,MCTSBROKERDEMANDPERC,0.25,USEDPPREDICTOR,false,THRESHOLDFILTER,false
Seed, CaseStudy, MCTSimulations, Auctions,HourAhead,ZI,Vol_Buy,Tot_Buy,UnitBuy,Vol_Sell,Tot_Sell,UnitSell,Penalty,Profit,Net,Percentage,TacTex,Vol_Buy,Tot_Buy,UnitBuy,Vol_Sell,Tot_Sell,UnitSell,Penalty,Profit,Net,Percentage,MCTSX,Vol_Buy,Tot_Buy,UnitBuy,Vol_Sell,Tot_Sell,UnitSell,Penalty,Profit,Net,Percentage,ZIP,Vol_Buy,Tot_Buy,UnitBuy,Vol_Sell,Tot_Sell,UnitSell,Penalty,Profit,Net,Percentage,
1,1,2000,	1,24,ZI,15.05,-467.93,-31.10,0.00,0.00,0.00,-0.00,-467.93,-467.93,100.00,TacTex,15.05,-456.70,-30.35,0.00,0.00,0.00,-0.30,-456.70,-457.01,100.00,MCTSX,15.05,-289.11,-19.21,0.00,0.00,0.00,-0.00,-289.11,-289.11,100.00,ZIP,15.05,-462.91,-30.76,0.00,0.00,0.00,-0.00,-462.91,-462.91,100.00,
START_SEED_NO,1,END_SEED_NO,1,NO_OF_MCTS_CASES,0,CASE_STUDY_NO,10,MAX_OF_SUB_CASE_STUDY,1,DIFF_MCTS_SIM_CASES_EXP,false,PEDICTOR_NAME,RepTree-misobuyers.model,TOTAL_SIM_DAYS,1,HOURS_IN_A_DAY,1,TOTAL_HOUR_AHEAD_AUCTIONS,10,NUMBER_OF_BROKERS,4,NUMBER_OF_PRODUCERS,1,PERHOURENERGYDEMAND,1.0,VARMCTSAGENTITERATION,2000,MCTSBROKERDEMANDPERC,0.25,USEDPPREDICTOR,false,THRESHOLDFILTER,false
Seed, CaseStudy, MCTSimulations, Auctions,HourAhead,ZI,Vol_Buy,Tot_Buy,UnitBuy,Vol_Sell,Tot_Sell,UnitSell,Penalty,Profit,Net,Percentage,TacTex,Vol_Buy,Tot_Buy,UnitBuy,Vol_Sell,Tot_Sell,UnitSell,Penalty,Profit,Net,Percentage,MCTSX,Vol_Buy,Tot_Buy,UnitBuy,Vol_Sell,Tot_Sell,UnitSell,Penalty,Profit,Net,Percentage,ZIP,Vol_Buy,Tot_Buy,UnitBuy,Vol_Sell,Tot_Sell,UnitSell,Penalty,Profit,Net,Percentage,
1,1,2000,	1,10,ZI,15.05,-494.61,-32.87,0.00,0.00,0.00,-0.00,-494.61,-494.61,100.00,TacTex,15.05,-512.27,-34.04,0.00,0.00,0.00,-0.00,-512.27,-512.27,100.00,MCTSX,15.05,-499.28,-33.18,0.00,0.00,0.00,-0.00,-499.28,-499.28,100.00,ZIP,15.05,-494.61,-32.87,0.00,0.00,0.00,-0.00,-494.61,-494.61,100.00,
